Employee ID,Employee Name,Department,Program,Status,Score,Date
E001,Rahul Patel,HR,Python Training,Completed,85,2026-09-01
E002,Priya Shah,IT,Python Training,Completed,92,2026-09-02
E003,Amit Mehta,Finance,Communication Skills,In Progress,70,2026-09-03
E004,Neha Patel,HR,Communication Skills,Completed,88,2026-09-04
E005,Riya Shah,IT,Leadership Skills,Completed,95,2026-09-05
E006,Jay Mehta,Finance,Excel Training,Not Started,55,2026-09-06
E007,Kunal Shah,HR,Excel Training,Completed,82,2026-09-07
E008,Pooja Patel,IT,Leadership Skills,Completed,90,2026-09-08
E009,Meet Mehta,Finance,Python Training,In Progress,74,2026-09-09
E010,Anjali Shah,HR,Leadership Skills,Completed,89,2026-09-10
